年份,日期,报纸版次,标题,文本内容,processed_text,similarity_score
2023,2023/7/18,11版：社会,做实做细就业指导服务（做好高校毕业生就业工作）,核心阅读\n　　各地各高校通过多种方式做实做细就业指导服务，帮助毕业生拓宽思路：指定帮扶教师提供细化建议，聘请校外导师宣讲招聘政策，加强校企合作拓宽学生视野……多种举措助力毕业生更好适应社会工作环境，掌握就业所需技能。\n　　\n　　近期，各地各高校通过多种方式做实做细就业指导服务，帮助毕业生拓宽思路，迈好走向社会的第一步，更好地发挥人才积极作用。\n　　专人指导帮扶\n　　提供细化建议\n　　手拿毕业证，头戴学位帽，老师轻轻拨穗正冠，相机面前，定格终生难忘的瞬间……最近，天津师范大学举行毕业典礼，教育学部学科教育（物理）专业硕士毕业生王娟在这一天也收到了心仪的工作单位录取通知，人生即将进入新的阶段。\n　　但3个月前，王娟对自身条件在就业市场的定位并不明晰。“我本科是学物理学的，硕士阶段又读了教育学。成为一名中学物理老师，一直是我的梦想。”王娟说，虽然目标明确，但对自我的认识好像还是有所欠缺。今年天津各区教育系统招聘开始时间早，每次考试前王娟总觉得自己还没准备好。\n　　在这样的情况下，王娟向学校学生就业指导中心求助，就业指导中心为她指定了专门的帮扶老师。在与王娟深入交流后，老师提出了非常明确的建议：“你本科是学物理的，扎实的学科知识是你的优势，要有所取舍，主攻考察内容以学科类为主的区域考试。”得到中肯建议的王娟全身心投入到招考准备中，并在接下来的两场考试中进入面试。\n　　天津师范大学学生就业指导中心主任宁睿英介绍，今年，天津市相关部门在全市高校范围内开展了爱津城·强技能·促就业大学生就业技能培训专项活动。学校进一步细化方案，重点在讲解面试技巧、求职礼仪等方面为学生提供服务。\n　　同时，学校与优质人力资源服务机构、天津市各区人社部门、大学科技园等协同联动，带领毕业生深入走访调研，帮助毕业生近距离感受以科技创新引领智能制造发展的创新创业项目成果，让毕业生在实践中拓宽就业思路。\n　　聘请校外导师\n　　宣讲引才政策\n　　“到西部去，到祖国需要的地方去。”看到微信群里的这句话，太原理工大学艺术学院大四学生薛迪博心动了。“要不要报名‘西部计划’去新疆？去基层工作到底苦不苦？”几个问题在他的心里“冒”了出来。\n　　每年就业季，太原理工大学都会组织一些在基层工作的往届毕业生回校宣讲，用他们的真实经历帮助学生做出选择。“去新疆的一些师兄师姐给我们讲远方的美景，讲奉献的喜悦。他们说，基层虽然相对艰苦，但是同样可以通过自己的奋斗实现人生价值。”听了几场交流会，薛迪博的就业目标渐渐清晰。\n　　据介绍，太原理工大学创建了“梦想导航”咨询服务站，为学生提供个性化、针对性指导。同时，在和一些基层岗位对接前就注重了解学生的需求。为了提供真实准确的就业信息，太原理工大学持续深化校地合作、校企合作，把访企拓岗、就业实践和就业帮扶有机结合，聘请各地政府、企业引才负责人为校外导师，不定期邀请进校为学生进行招才引智政策宣讲。目前，太原理工大学已聘请20余名校外导师。\n　　薛迪博坦言，学校宣传教育帮助他明晰了职业追求。\n　　在大学四年里，薛迪博对各类职业已经有了一个基本的认识，这来源于太原理工大学的“生涯导航”教育计划。“我们邀请专业人士为学生授课，从认识自己的专业、思考职业方向、求职的过程与技巧等方面，逐年深化课程，帮助学生拓宽思路，选择合适的工作。”太原理工大学学生就业指导中心发展联络科科长李云云说。\n　　太原理工大学党委书记郑强说：“我们鼓励同学们到基层去、到祖国需要的地方去，把论文写在祖国大地上。”\n　　入企观摩学习\n　　开阔学生视野\n　　今年春招，就读于贵州大学土木工程专业的万瑞参加了在去年秋招时录用自己的一家公司的校园招聘会。在细致了解公司信息后，他更明确了职业定位，决定7月赴深圳入职这家公司。\n　　去年秋招，万瑞通过学校官方就业信息群向该公司投递了简历，由于行动迅速、准备充分，他顺利被公司录用。“学校给的招聘链接里有企业的简介、招聘岗位和薪资待遇等信息，都比较简单。”万瑞心里还是有点没底，“最初主要是通过学长学姐了解信息，但也没有太多的信息源。”\n　　到了今年春招季，线下的校园招聘宣讲会、招聘会都恢复了，万瑞在招聘会企业名单上看到了这家公司。“现场沟通以后，对公司的业务范围、岗位要求和福利待遇有了更全面的了解。这家公司刚组建不久，人员结构非常年轻，是一家有活力的公司。”面对面的细致沟通，打消了万瑞的一些顾虑，下定了入职公司的决心。\n　　贵州省高度重视高校毕业生就业创业工作，省教育厅于去年12月印发相关通知，要求深入实施“企业进校园计划”，推进校园招聘专业化常态化。\n　　“今年3月以来，学校坚持每周四举办双选会，按照用人单位需求每天开展宣讲会，同时还邀请企业高管进校园与学生面对面聊天，为学生和企业之间的交流搭建平台。”贵州大学招生就业处处长余颖说。同时，学校于3月启动“春季促就业攻坚行动”，通过大型招聘会、就业促进周等活动，截至目前已累计为毕业生提供岗位24.3万余个，人岗比超1∶18。\n　　余颖介绍：“我们今年走访企业153家，其中123家为新开拓的企业，拓展岗位7600余个。”\n　　对于万瑞所学的土木工程专业来说，去工地、项目现场实地观摩是实践教学很重要的一环。针对这种情况，学院老师3月份带同学们去省内的建筑企业参观学习了3天。“我们了解了建筑企业的工作环境、不同岗位的工作内容，还有工地现场的情况，这对我们提前适应工作状态很有帮助。”万瑞说。贵州大学积极拓展与社会单位的合作，为学生创造更多实践机会。今年6月，贵州大学招生就业处与浙江乐清市签约建立毕业生就业实习实践基地。“通过建立实习实践基地，能够进一步拓展学生就业渠道。”余颖介绍，今年，贵州大学还与江西南昌市东湖区、浙江平湖市、广东阳江市等地人社部门，以及宁德时代、德邦物流、成都鼎桥等企业签约建立毕业生就业实习实践基地。“学校积极行动，与用人单位建立长期稳定合作，让同学们提前了解企业状况、开阔视野、提升求职技能。”余颖说。\n　　首都经济贸易大学中国新就业形态研究中心主任张成刚表示，高校应通过加强产教融合、校企合作，为学生提供更高质量、更规范专业的实习培训，帮助他们更好适应社会工作环境，掌握就业所需技能。,核心 阅读 高校 多种 方式 做实 就业指导 服务 毕业生 拓宽 思路 指定 帮扶 教师 提供 细化 建议 聘请 校外 导师 宣讲 招聘 政策 校企 合作 拓宽 学生 视野 多种 举措 助力 毕业生 更好 社会工作 环境 就业 技能 近期 高校 多种 方式 做实 就业指导 服务 毕业生 拓宽 思路 迈好 走向 社会 第一步 更好 发挥 人才 作用 专人 指导 帮扶 提供 细化 建议 毕业证 头戴 学位 老师 轻轻 拨穗 正冠 相机 面前 定格 终生 难忘 瞬间 天津师范大学 毕业典礼 教育 学部 学科 教育 物理 专业 硕士 毕业生 王娟 收到 心仪 工作 单位 录取 通知 人生 阶段 王娟 条件 就业 市场 定位 明晰 本科 物理学 硕士 阶段 教育学 一名 中学物理 老师 梦想 王娟 目标 自我 好像 欠缺 天津 各区 教育 系统 招聘 时间 每次 考试 王娟 情况 王娟 学校 学生 就业指导 中心 求助 就业指导 中心 指定 帮扶 老师 王娟 交流 老师 提出 建议 本科 物理 扎实 学科知识 优势 取舍 主攻 考察 内容 学科 区域 考试 中肯 建议 王娟 投入 招考 两场 考试 面试 天津师范大学 学生 就业指导 中心 主任 宁睿英 介绍 天津市 相关 部门 全市 高校 津城 技能 就业 大学生 就业 技能 培训 专项 活动 学校 进一步 细化 方案 重点 讲解 面试 技巧 求职 礼仪 学生 提供 服务 学校 优质 人力资源 服务 机构 天津市 各区 人社 部门 大学 科技园 协同 联动 带领 毕业生 走访 调研 毕业生 近距离 感受 科技 创新 引领 智能 制造 发展 创新 创业项目 成果 毕业生 在实践中 拓宽 就业 思路 聘请 校外 导师 宣讲 引才 政策 西部 祖国 地方 微信 群里 这句 太原 理工大学 艺术 学院 大四 学生 薛迪博 心动 报名 西部 计划 新疆 基层工作 苦不苦 几个 就业 太原 理工大学 组织 基层工作 往届 毕业生 回校 宣讲 真实 经历 学生 做出 选择 新疆 师兄 师姐 远方 美景 奉献 喜悦 基层 艰苦 奋斗 人生价值 几场 交流会 薛迪博 就业 目标 渐渐 清晰 据介绍 太原 理工大学 创建 梦想 导航 咨询 服务站 学生 提供 个性化 针对性 指导 基层 岗位 对接 注重 学生 需求 提供 真实 准确 就业 信息 太原 理工大学 持续 深化 校地 合作 校企 合作 企拓岗 就业 实践 就业 帮扶 有机 聘请 政府 企业 引才 负责人 校外 导师 不定期 邀请 进校 学生 招才 引智 政策 宣讲 太原 理工大学 聘请 余名 校外 导师 薛迪博 坦言 学校 宣传教育 明晰 职业 追求 大学 四年 薛迪博 各类 职业 来源于 太原 理工大学 生涯 导航 教育 计划 邀请 专业人士 学生 授课 专业 思考 职业 方向 求职 过程 技巧 逐年 深化 课程 学生 拓宽 思路 选择 合适 工作 太原 理工大学 学生 就业指导 中心 发展 联络 科科长 太原 理工大学 党委书记 郑强 鼓励 同学 基层 祖国 地方 论文 祖国 地上 入企 观摩 学习 开阔 学生 视野 春招 就读于 贵州大学 土木工程 专业 万瑞 参加 去年 秋招 录用 一家 公司 校园 招聘会 细致 公司 信息 职业 定位 深圳 入职 这家 公司 去年 秋招 万瑞 学校 官方 就业 信息 群向 公司 投递 简历 准备充分 顺利 公司 录用 学校 招聘 链接 企业 简介 招聘 岗位 薪资 待遇 信息 比较简单 万瑞 没底 最初 学长 学姐 信息 太多 信息源 春招季 线下 校园 招聘 宣讲会 招聘会 恢复 万瑞 招聘会 企业名单 这家 公司 现场 沟通 公司 业务范围 岗位 福利待遇 这家 公司 组建 人员 结构 年轻 一家 活力 公司 面对面 细致 沟通 打消 万瑞 顾虑 下定 入职 公司 决心 贵州省 高度重视 高校 毕业生 就业 创业 工作 教育厅 去年 印发 相关 通知 实施 企业 进校园 计划 推进 校园 招聘 专业化 常态 学校 每周 举办 双选会 用人单位 需求 宣讲会 邀请 企业 高管 进校园 学生 面对面 聊天 学生 企业 之间 交流 搭建 平台 贵州大学 招生 就业处 处长 余颖 学校 启动 春季 就业 攻坚 大型 招聘会 就业 周等 活动 累计 毕业生 提供 岗位 万余个 人岗 比超 余颖 介绍 走访 企业 家为 开拓 企业 拓展 岗位 余个 万瑞 所学 土木工程 专业 工地 项目 现场 实地 观摩 实践 教学 一环 情况 学院 老师 月份 同学 省内 建筑 企业 参观 学习 建筑 企业 工作 环境 岗位 工作 内容 工地 现场 情况 提前 工作 状态 万瑞说 贵州大学 拓展 社会 单位 合作 学生 创造 实践 机会 贵州大学 招生 就业处 浙江 乐清市 签约 建立 毕业生 就业 实习 实践 基地 建立 实习 实践 基地 进一步 拓展 学生 就业 渠道 余颖 介绍 贵州大学 江西 南昌市 东湖区 浙江 平湖市 广东 阳江市 地人社 部门 宁德 时代 德邦 物流 成都 鼎桥 企业 签约 建立 毕业生 就业 实习 实践 基地 学校 积极行动 用人单位 建立 长期 稳定 合作 同学 提前 企业 状况 开阔视野 提升 求职 技能 余颖 首都 经济 贸易大学 中国 就业 形态 研究 中心 主任 张成 高校 产教 融合 校企 合作 学生 提供 高质量 规范 专业 实习 培训 更好 社会工作 环境 就业 技能,0.20906536816320764
2023,2023/7/23,05版：新青年,奋斗，积蓄青春远航的动力（青春之声）,这个夏天，又有一批学子自信地走出高考考场，完成高中阶段的答卷。眼下，随着高校招生录取工作的开展，一封封录取通知书正飞往千家万户。许多同学即将步入大学校园，迎来新的学习阶段。\n　　习近平总书记指出：“大学是立德树人、培养人才的地方，是青年人学习知识、增长才干、放飞梦想的地方。”大学的青春时光，人生只有一次，应该好好珍惜。大学生活，怎样过才值得？\n　　学习知识，是大学生的首要任务。前不久，去一所高校采访，一名大一学生笑道：“曾以为考上大学就会轻松了，原来并非如此！”实际上，大学阶段，“恰同学少年，风华正茂”，有老师指点，有同学切磋，有浩瀚的书籍引路，可以心无旁骛求知问学。此时不努力，更待何时？进入大学，要勤于学习、敏于求知，努力练好人生和事业的基本功。\n　　“那个6岁时躺在山坡放牛‘牧星’的孩子，36岁时真的去天上‘摘星星’了！”今年夏天，85后航天员桂海潮的故事激励了许多学子。当年高考时，他以优异成绩考入北京航空航天大学。在同学眼中，学生时代的桂海潮就特别勤奋刻苦，遇到不懂的问题，“无论下多大功夫也要搞明白”。扎实的知识、过硬的本领，成为青春远航的动力。\n　　增长才干，需要大学生既多读有字之书，也多读无字之书，注重学习人生经验和社会知识。社会实践是大学里的“必修课”，课堂不仅在教室、校园，更在广阔的天地。犹记得大学里的许多“第一次”：第一次暑期实践，与同伴一起调研社会问题；第一次专业实习，尝试把所学知识运用到工作中；第一次出国交流，培养更广阔的眼界……这些经历曾让来自小城市的我不仅学到知识，更收获社会实践的经验、团队合作的能力、积极向上的品格。\n　　对大学生而言，丰富的实践活动是提升自我的良好平台。要多抓住机会，用脚步丈量祖国大地，用眼睛发现中国精神，用耳朵倾听人民呼声，用内心感应时代脉搏，在实践中学真知、悟真谛，加强磨练、增长本领。\n　　大学，还是放飞梦想、追逐梦想、实现梦想的地方。对一些同学而言，考上大学曾是过去求学阶段的目标。但实际上，进入大学只是一个新起点。要树立远大志向，保持初生牛犊不怕虎的劲头，敢试敢为，把更多的理想变为现实。\n　　志之所趋，无远弗届，穷山距海，不能限也。大学里，一个人可以走到多远的地方？2022年“最美大学生”的事迹，展现了青年人的潜能：来自太原理工大学的王煜尘，怀揣科研报国的理想信念，成为中国极地科考史上在站时间最长的大学生；中国科学技术大学的邓宇皓，把青春奋斗融入祖国的科技事业，在“九章”和“九章二号”光量子计算原型机的研制中作出突出贡献；上海应用技术大学的陆亦炜，曾获世界技能大赛花艺项目世界冠军，坚定走技能成才技能报国之路……这也启发我们，只有把自己的小我融入祖国的大我、人民的大我之中，与时代同步伐、与人民共命运，才能更好实现人生价值、升华人生境界。\n　　“现在，青春是用来奋斗的；将来，青春是用来回忆的。”大学时光，承载了许多人最美好的青春记忆。又是一年夏天，一批毕业生走出校园，奔向远方；又有一批青年学子将背上行囊，从家乡出发，走进大学校门，开启新的生活。在大学里成长，在大学里收获，这段旅程将充满惊喜，充满发现。,夏天 一批 学子 自信 走出 高考 考场 高中 阶段 答卷 眼下 高校 招生 录取 工作 一封封 录取 通知书 飞往 千家万户 同学 步入 大学校园 迎来 学习 阶段 习近平 总书记 指出 大学 立德 培养人才 地方 青年人 学习 知识 增长 才干 放飞 梦想 地方 大学 青春 时光 人生 好好 珍惜 大学 生活 过才 值得 学习 知识 大学生 首要任务 前不久 一所 高校 采访 一名 大一 学生 考上 大学 轻松 并非如此 实际上 大学 阶段 同学 少年 风华正茂 老师 指点 同学 切磋 浩瀚 书籍 引路 心无旁骛 求知 问学 努力 更待何时 大学 勤于 学习 敏于 求知 努力 人生 事业 基本功 山坡 放牛 牧星 孩子 真的 天上 星星 今年夏天 航天员 海潮 故事 激励 学子 当年 高考 优异成绩 考入 北京航空航天大学 同学 眼中 学生 时代 海潮 特别 勤奋 刻苦 下多大 功夫 明白 扎实 知识 过硬 本领 青春 远航 动力 增长 才干 大学生 既多读 之书 多读 无字 之书 注重 学习 人生 经验 社会 知识 社会 实践 大学 必修课 课堂 教室 校园 广阔 天地 记得 大学 第一次 第一次 暑期 实践 同伴 调研 社会 第一次 专业 实习 尝试 所学 知识 工作 第一次 出国 交流 培养 广阔 眼界 经历 城市 学到 知识 收获 社会 实践 经验 团队 合作 能力 积极向上 品格 大学生 实践 活动 提升 自我 平台 抓住机会 脚步 丈量 祖国 大地 眼睛 发现 中国 精神 耳朵 倾听 人民 呼声 内心 感应 时代 脉搏 实践 中学 真知 真谛 磨练 增长 本领 大学 放飞 梦想 追逐 梦想 梦想 地方 同学 考上 大学 求学 阶段 目标 实际上 大学 新起点 树立 远大 志向 初生牛犊不怕虎 劲头 敢试 理想 变为 现实 志之所趋 无远弗届 穷山 距海 大学 走到 多远 地方 最美 大学生 事迹 展现 青年人 潜能 太原 理工大学 王煜尘 怀揣 科研 报国 理想信念 中国 极地 科考 史上 时间 最长 大学生 中国 科学技术 大学 邓宇皓 青春 奋斗 融入 祖国 科技事业 九章 九章 二号 光量子 计算 原型机 研制 作出 突出贡献 上海 技术 大学 陆亦炜 世界 技能 大赛 花艺 项目 世界冠军 坚定 技能 成才 技能 报国 启发 融入 祖国 人民 之中 时代 步伐 人民 共命运 更好 人生价值 升华 人生 境界 青春 奋斗 将来 青春 回忆 大学 时光 承载 美好 青春 记忆 一年 夏天 一批 毕业生 走出 校园 远方 一批 青年 学子 背上 行囊 家乡 出发 走进 大学 校门 开启 生活 大学 成长 大学 收获 旅程 充满 惊喜 充满 发现,0.17975485850322503
2023,2023/7/17,11版：社会,精准对接，广搭平台促就业（做好高校毕业生就业工作）,核心阅读\n　　为促进高校毕业生高质量就业，今年以来，各地各部门落实落细就业优先政策，推动供需精准匹配。与企业建立“产学研”合作机制，提前培训，帮助学生找准就业目标；面向高校毕业生开展系列招才引智活动，发挥本地企业集聚效应，校企合作拓宽招才视野；精准摸排、对接，根据学生需求开展针对性帮扶。\n　　\n　　今年以来，各地各部门落实落细就业优先政策，积极应对就业总量压力和结构性矛盾。一方面聚焦高校毕业生等青年求职意愿，针对性提供政策支持，通过培训指导帮助高校毕业生提升就业能力；另一方面多渠道搭建用人单位与求职者供需交流平台，结合企业实际，优化服务，实现高校毕业生与用人单位精准对接，帮助高校毕业生尽快实现就业。\n　　多措并举——\n　　贴近实践提技能\n　　手握鼠标，双目注视，重庆能源职业学院云计算技术专业大二学生周杰一丝不苟，在电脑上为一张张图片打标记。\n　　为了帮助学生更好掌握相关技能，培育自身优势，学院对学生进行了职业测评和职业画像。经过综合测评，周杰被认为较适合从事人工智能基础数据服务行业，具体做数据标注工作。一段时间实操以后，他逐渐明确了就业方向，工作也越来越娴熟。\n　　近年来，重庆能源职业学院与企业深度合作，广搭平台促就业，培养了一大批高素质技术技能人才。\n　　“数据标注并没有听上去那么简单。”学院负责人表示，人工智能基础数据服务行业发展快、需求大，但以前学校教授的内容无法完全满足企业对数据处理精度的要求。因此，学校和相关企业建立产业学院、职教联盟，成立“校中厂”等实习基地，提前培训学生。\n　　“通过学校‘校中厂’学习，我不仅熟悉了相关工作，找准就业目标，还积累了很多实际经验，对将来就业也更有信心。”周杰说。\n　　产业学院是指高校与企业等主体共建共管的学院。如今，重庆能源职业学院已与多家知名企业共建产业学院，更多校企合作在这里从“相加”走向“相融”。\n　　“产业学院相当于一个‘现代化微型工厂’，既是育人平台，也是生产平台。学生毕业后走上工作岗位，立即能上岗操作，实现入学即入职、学习即上岗、毕业即就业，有些优秀学生甚至1年后就能当师傅。”产业学院负责人告诉记者。\n　　不仅如此，学校还多措并举，帮助学生就业。如实行校企导师制度，校企双方为学生配备导师，助其制定职业发展路径，教学计划由双方共同设计，学生成长迅速。在杭州一家知名电子产品制造企业内，有近50名员工均毕业于重庆能源职业学院，部分员工已成长为企业各产线骨干。\n　　“重庆能源职业学院只是江津高校的一个缩影。”重庆市江津区教委相关负责人表示，江津与450余家企业建立了“产学研”合作机制，培养了一批高素质技术技能人才。\n　　融通培训就业链条，人社部有关负责人表示，将通过公共就业服务机构、人力资源服务机构和职业技能培训机构等，加强高校毕业生等青年培训前就业意向和培训需求摸底、培训中培训工种和就业岗位精准匹配、培训后岗位推荐和就业跟踪帮扶，构建“培训+就业”全链条服务体系，努力实现参加职业培训好就业、就好业的目标。\n　　校企合作——\n　　拓宽眼光揽人才\n　　准备物料、组织人手、安排行程……这几天，当得知海南又要组织企业赴省外校招，武利娟和同事们立马紧锣密鼓筹备起来。作为大唐海南能源开发有限公司人力资源经理，武利娟要在总公司和海南省组织的招聘活动中来回奔忙。“忙得简直成了‘空中飞人’，但能‘抢’到优质人才，再累也值得！”武利娟说。\n　　儋州120万千瓦海上风电项目于去年正式获批。新项目落地，大唐海南公司自然有了更多用人需求。武利娟说，公司成立以来，一直加大人才引进力度。“今年，企业通过校招已与近40名毕业生签订就业协议。”\n　　“往年6月，校招已经收尾，今年我们不仅延长时间，目光也从聚焦老牌电力院校到面向全国招揽人才，并做好法律、财务的相关人才储备。”公司人力资源部主任曹永峰说。经过笔试和面试，中央财经大学粤港澳大湾区研究院毕业生李征收到了企业财务岗位的录取通知。\n　　时间回溯到3月，李征还奔波于各大招聘会。在“海南‘百场万岗·四城同办’2023年校招活动”中，她感受到了大唐海南公司引进人才的诚意：“我想了解企业在自贸港建设中的发展前景，招聘人员现场为我做了详细介绍，包括能享受到的引才政策，还根据我的个人情况列出培养计划。”这让老家在河北的李征下定决心，前往海南。\n　　“吸引优质人才，首先要增加企业和人才彼此了解的机会。”曹永峰说，除了总公司的统一招聘和省内系列招聘会，赴省外引才的校园招聘活动也是主要途径之一，“本省企业组团，能够发挥集聚效应，增加优质人才，尤其是有志建设家乡的学子与企业接触的机会。”据介绍，企业今年招聘的毕业生里，海南籍的超过1/4。\n　　不仅吸引人才，更要留住人才。去年10月，大唐海南公司与海南大学启动复合型人才培养计划。“下一步计划在海上风电、光伏、天然气发电等领域开展校企合作，通过点对点培养，让学生提前适应岗位，也节省企业人力成本。”曹永峰说。\n　　7月底即将入职，李征已经开始为新生活做准备。她最近得知，公司为同批入职的毕业生制定了培养方案。入职后，第一场培训为期3个月，其中包括10天的基础培训和2个多月的岗位培训，“届时还会签订师徒合同，以老带新。”对于未来的职业道路，李征充满期待。\n　　为抢抓高校毕业生求职关键窗口期，加快实施“百万人才进海南”计划，海南面向全国高校毕业生开展系列招才引智活动。截至目前，海南“百万百岗”2023年校招活动累计举办153场，吸引5342家企业参与，为国内高校毕业生提供10.9万个岗位，其中已落实签约意向3.9万人。\n　　积极施策——\n　　牵线搭桥送岗位\n　　家住山东省东营市东营区的市民范渤海对记者说，儿子范连涛如愿以偿，成为一名生产工艺师。不久前，范连涛被离家1公里的山东海科化工有限公司录取了，最近，正忙着岗前线上培训。“临近毕业，家里讨论最多的是就业。”范连涛回忆，“春节前，我向好几家招聘网站投了简历。广撒网，成功概率才高！”\n　　大学生就业如何帮？东营市把实施积极的就业政策摆在突出位置，落实减税退税、发放稳岗扩岗专项贷款等多项惠企助企政策，力争稳住就业基本盘的同时，加密开展了“东营学子家乡行”“企业招聘进校园”等专场招聘活动，让高校毕业生就业有选择、有平台。\n　　不久后，范连涛在网上看到东营市“第十一届东营学子家乡行”招聘通知，便决定前往试一试。一开始，范连涛没有找到合适岗位。东营区总工会党组书记、常务副主席张向明找到了范连涛。“有许多孩子像范连涛一样，在大型专场招聘活动中，并未找到适合自己的岗位。这就需要政府下足‘绣花’功夫，精准对接需求、提供服务。”东营区委组织部副部长、区人力资源和社会保障局局长赵宝杰说，“在市里的引导下，各县区纷纷开展摸排，形成未就业人员档案，根据学生需求针对性开展帮扶。东营区总工会、团区委等单位共同参与，每个工作人员对应8—10名就业帮扶对象。在此基础上，组成20多个‘入企探岗小分队’，同步了解企业的招聘需求。”\n　　范连涛就是张向明的就业帮扶对象，建立联系后，每次入企探岗，张向明都会问一下企业是否需要相关专业学生。“有一天，我到山东海科化工有限公司调研，抱着试试的态度一问，没成想，他们正处在转型阶段，招聘需求与范连涛的专业十分匹配。”张向明说。\n　　于是，张向明兴奋地拨通了范连涛家的电话。“电话是我接的！”范渤海笑道，“很快，孩子向海科公司递交了申请，经过面试后，顺利拿到了企业的录取通知！”\n　　今年以来，东营市共组织线上线下招聘活动186场，发布各类岗位3.3万余个。“就业牵动着千家万户的生活。我们将继续强化就业优先政策，健全就业促进机制，畅通毕业生就业渠道，为大学生高质量就业做出积极贡献。”东营市委组织部副部长、市人力资源社会保障局局长袁永鹏表示。 https://www.macrodatas.cn/,核心 阅读 高校 毕业生 高质量 就业 今年以来 部门 落实 落细 就业 优先 政策 推动 供需 精准 匹配 企业 建立 产学研 合作 机制 提前 培训 学生 找准 就业 目标 面向 高校 毕业生 系列 招才 引智 活动 发挥 企业 集聚 效应 校企 合作 拓宽 招才 视野 精准 摸排 对接 学生 需求 针对性 帮扶 今年以来 部门 落实 落细 就业 优先 政策 应对 就业 总量 压力 结构性 矛盾 聚焦 高校 毕业生 青年 求职 意愿 针对性 提供 政策 支持 通过培训 指导 高校 毕业生 提升 就业 能力 多渠道 搭建 用人单位 求职者 供需 交流平台 企业 优化 服务 高校 毕业生 用人单位 精准 对接 高校 毕业生 就业 多措 并举 贴近 实践 技能 手握 鼠标 双目 注视 重庆 能源 职业 学院 计算技术 专业 大二 学生 周杰 一丝不苟 电脑 一张 图片 标记 学生 更好 相关 技能 培育 优势 学院 学生 职业 测评 职业 画像 综合 测评 周杰 适合 人工智能 基础 数据 服务行业 数据 标注 工作 一段时间 实操 就业 方向 工作 越来越 娴熟 重庆 能源 职业 学院 企业 深度 合作 广搭 平台 就业 培养 一大批 高素质 技术 技能 人才 数据 标注 简单 学院 负责人 人工智能 基础 数据 服务行业 发展 需求 学校 教授 内容 企业 数据处理 精度 学校 相关 企业 建立 产业 学院 职教 联盟 成立 校中厂 实习 基地 提前 培训 学生 学校 校中厂 学习 熟悉 相关 工作 找准 就业 目标 积累 经验 将来 就业 信心 周杰 产业 学院 高校 企业 主体 共建 共管 学院 重庆 能源 职业 学院 多家 知名企业 共建 产业 学院 校企 合作 相加 走向 相融 产业 学院 相当于 现代化 微型 工厂 育人 平台 生产 平台 学生 毕业 走上 工作岗位 上岗 操作 入学 即入 学习 上岗 毕业 就业 优秀学生 师傅 产业 学院 负责人 告诉 不仅如此 学校 多措 并举 学生 就业 实行 校企 导师 制度 校企 学生 配备 导师 助其 制定 职业 发展 路径 教学计划 设计 学生 成长 杭州 一家 知名 电子产品 制造 企业 有近 员工 毕业 重庆 能源 职业 学院 员工 成长 企业 各产线 骨干 重庆 能源 职业 学院 江津 高校 缩影 重庆市 江津 教委 相关 负责人 江津 余家 企业 建立 产学研 合作 机制 培养 一批 高素质 技术 技能 人才 融通 培训 就业 链条 社部 负责人 公共 就业 服务 机构 人力资源 服务 机构 职业技能 培训 机构 高校 毕业生 青年 培训 就业 意向 培训 需求 摸底 培训 培训 工种 就业 岗位 精准 匹配 培训 岗位 推荐 就业 跟踪 帮扶 构建 培训 就业 链条 服务体系 努力实现 参加 职业培训 就业 好业 目标 校企 合作 拓宽 眼光 人才 物料 组织 人手 安排 行程 几天 得知 海南 组织 企业 外校 武利娟 同事 紧锣密鼓 筹备 大唐 海南 能源开发 有限公司 人力资源 经理 武利娟 总公司 海南省 组织 招聘 活动 来回 奔忙 空中飞人 优质 人才 再累 值得 武利娟 儋州 万千瓦 海上 风电 项目 去年 正式 获批 项目 落地 大唐 海南 公司 自然 多用 需求 武利娟 公司 成立 加大 人才 引进 力度 企业 校招 毕业生 签订 就业 协议 往年 校招 收尾 延长时间 目光 聚焦 老牌 电力 院校 面向全国 招揽 人才 做好 法律 财务 相关 人才 储备 公司 人力资源部 主任 曹永峰 笔试 面试 中央财经 大学 粤港澳 大湾 研究院 毕业生 征收 企业财务 岗位 录取 通知 时间 回溯到 李征 奔波 各大 招聘会 海南 百场 万岗 四城 同办 年校 活动 感受 大唐 海南 公司 引进人才 诚意 企业 自贸港 建设 发展前景 招聘 人员 现场 详细 介绍 包括 享受 引才 政策 情况 列出 培养 计划 老家 河北 李征 下定决心 前往 海南 吸引 优质 人才 增加 企业 人才 机会 曹永峰 总公司 统一 招聘 省内 系列 招聘会 省外 引才 校园 招聘 活动 途径 本省 企业 组团 发挥 集聚 效应 增加 优质 人才 有志 建设 家乡 学子 企业 接触 机会 据介绍 企业 招聘 毕业生 海南 超过 吸引 人才 更要 留住 人才 去年 大唐 海南 公司 海南大学 启动 复合型 人才培养 计划 一步 计划 海上 风电 光伏 天然气 发电 领域 校企 合作 点对点 培养 学生 提前 岗位 节省 企业 人力 成本 曹永峰 月底 入职 李征 生活 得知 公司 为同 批入 毕业生 制定 培养 方案 职后 第一场 培训 为期 包括 基础 培训 多月 岗位培训 还会 签订 师徒合同 以老带 未来 职业 道路 李征 充满 期待 抢抓 高校 毕业生 求职 关键 窗口期 加快 实施 百万 人才 海南 计划 海南 面向全国 高校 毕业生 系列 招才 引智 活动 海南 百万 百岗 年校 活动 累计 举办 吸引 企业 参与 国内 高校 毕业生 提供 万个 岗位 落实 签约 意向 万人 施策 牵线搭桥 岗位 家住 山东省 东营市 东营区 市民 渤海 儿子 范连涛 如愿以偿 一名 生产 工艺师 不久前 范连涛 离家 公里 山东 海科 化工 有限公司 录取 正忙着 前线 培训 临近 毕业 家里 讨论 最多 就业 范连涛 回忆 春节 好几家 招聘 网站 投了 简历 撒网 成功 概率 大学生 就业 东营市 实施 就业 政策 摆在 突出位置 落实 减税 退税 发放 稳岗 扩岗 专项 贷款 多项 惠企助 政策 力争 稳住 就业 加密 东营 学子 家乡 企业 招聘 进校园 专场 招聘 活动 高校 毕业生 就业 选择 平台 范连涛 网上 东营市 第十一届 东营 学子 家乡 招聘 通知 前往 试一试 范连涛 找到 合适 岗位 东营区 总工会 党组书记 常务副 主席 张向明 找到 范连涛 孩子 范连涛 大型 专场 招聘 活动 并未 找到 适合 岗位 政府 下足 绣花 功夫 精准 对接 需求 提供 服务 东营 区委 组织部 部长 人力资源 社会保障 局局长 赵宝杰 市里 引导 各县区 纷纷 摸排 就业 人员 档案 学生 需求 针对性 帮扶 东营区 总工会 团区委 单位 参与 工作人员 就业 帮扶 对象 此基础 多个 企探 小分队 同步 企业 招聘 需求 范连涛 张向明 就业 帮扶 对象 建立联系 每次 企探 张向明 企业 相关 专业 学生 山东 海科 化工 有限公司 调研 试试 态度 一问 没成想 转型 阶段 招聘 需求 范连涛 专业 匹配 张向 明说 张向明 兴奋 拨通 范连涛 电话 电话 渤海 很快 孩子 向海 公司 递交 申请 面试 顺利 拿到 企业 录取 通知 今年以来 东营市 组织 上线 招聘 活动 发布 各类 岗位 万余个 就业 牵动 千家万户 生活 强化 就业 优先 政策 健全 就业 机制 畅通 毕业生 就业 渠道 大学生 高质量 就业 做出 贡献 东营 市委 组织部 部长 人力资源 社会保障 局局长 袁永鹏,0.17763592308182008
2023,2023/7/26,10版：经济,百名博士为何结缘小县城,在今年举办的第十七届中国（博兴）国际厨具节上，山东京都厨业有限公司展台前，随着一块砖头大小的控制器装入煮串灶，煮串灶按照事先设定的程序点火、烧水、煮串，一气呵成。煮串灶价格对外发布后，获得了现场众多参观者的关注。\n　　这款控制器，是青岛理工大学机械与汽车工程学院教授张彦彬团队的研发成果。“它的成本比市场同类产品低了2/3，大大降低了商用智慧厨房走向市场化的成本。”张彦彬说。\n　　京都厨业董事长王冲说：“厨电产品更新换代快，客户需求越来越多元，只有在科技研发上走在前列，才能掌握主动权。前几年，我们计划对炉灶产品进行智能化升级，但由于专业人才匮乏、研发力量薄弱、生产成本高，企业的长远发展受到制约。”\n　　遇到发展瓶颈的，不仅京都厨业一家。博兴县拥有2000余家商用厨具生产企业，不少企业在转型发展过程中，都曾面临招不来、留不住人才的难题，导致研发水平不高，难以满足市场发展需求。\n　　“中小企业发展遇瓶颈，缺乏专业性人才；高校人才有想法、有研发能力，很多成果却停留在实验室。”博兴县委常委、组织部部长黄广宪说，为化解这一难题，2018年，博兴县面向山东省内外高校、科研院所发布年度产业链岗位需求，组建产业链“博士团”，将人才集聚在产业一线，有针对性地解决企业发展难题。\n　　通过产业链“博士团”的平台，张彦彬成了京都厨业的副总经理，他所在的青岛理工大学智能制造教科研青创团队也与企业建立起联合研发机制。\n　　如何进一步激发“博士团”的活力？“我们每年设立200万元专项经费，为每名‘博士团’成员配备人才专员，提供多元服务；每月向每名‘博士团’成员发放2000元综合补助，对期满考核获得优秀、良好等次的，再给予绩效奖励；对推荐人才项目入选国家级、省级重点人才工程的，单个项目分别给予10万元、5万元引才奖励，助力人才成长。”黄广宪说。\n　　自2018年以来，博兴县已从65家高校院所选聘127名科研人员，他们把实验室搬到了车间，为产业发展“把脉问诊”。全县陆续形成石油化工、粮油食品加工、金属板材、商用厨具等8个产业链“博士团”，实施产学研合作项目142个，指导企业获得授权发明专利37项，为企业解决科技难题387个，帮助企业累计实现增收30亿元以上。\n　　“未来，我们将持续发挥好‘博士团’的桥梁纽带作用，推动人才链、教育链、产业链、创新链融合发展，促进科研成果加快转化落地，力争实现多方共赢、多点开花。”博兴县委书记高志国说。,举办 第十七届 中国 博兴 国际 厨具 节上 山东 京都 厨业 有限公司 展台 一块 砖头 大小 控制器 装入 事先 设定 程序 点火 烧水 一气呵成 价格 对外 发布 现场 众多 参观者 关注 控制器 青岛 理工大学 机械 汽车 工程学院 教授 张彦彬 团队 研发 成果 成本 市场 同类产品 大大降低 商用 智慧 厨房 走向 市场化 成本 张彦彬 京都 厨业 董事长 王冲 厨电 产品 更新换代 客户 需求 越来越 多元 科技 研发 前列 主动权 几年 计划 炉灶 产品 智能化 升级 专业人才 匮乏 研发 力量薄弱 生产成本 企业 长远 发展 制约 发展 瓶颈 京都 厨业 一家 博兴县 拥有 余家 商用 厨具 生产 企业 企业 转型 发展 过程 面临 招不来 留不住 人才 难题 导致 研发 水平 不高 难以 市场 发展 需求 中小企业 发展 瓶颈 缺乏 专业性 人才 高校 人才 想法 研发 能力 成果 停留 实验室 博兴 县委 常委 组织部 部长 黄广宪说 化解 这一 难题 博兴县 面向 山东 省内外 高校 科研院所 发布 年度 产业链 岗位 需求 组建 产业链 博士 人才 集聚 产业 一线 针对性 解决 企业 发展 难题 产业链 博士 平台 张彦彬成 京都 厨业 副总经理 青岛 理工大学 智能 制造 教科研 青创 团队 企业 建立 联合 研发 机制 进一步 激发 博士 活力 设立 万元 专项经费 每名 博士 成员 配备 人才 专员 提供 多元 服务 每月 每名 博士 成员 发放 综合 补助 期满 考核 优秀 等次 给予 绩效 奖励 推荐 人才 项目 入选 国家级 省级重点 人才 工程 单个 项目 给予 万元 万元 引才 奖励 助力 人才 成长 黄广宪说 博兴县 高校 院所 选聘 科研人员 实验室 搬到 车间 产业 发展 把脉 问诊 全县 陆续 石油化工 粮油食品 加工 金属 板材 商用 厨具 产业链 博士 实施 产学研 合作项目 指导 企业 授权 发明专利 企业 解决 科技 难题 企业 累计 增收 亿元 未来 持续 发挥 博士 桥梁 纽带 作用 推动 人才 教育 产业链 创新 融合 发展 科研成果 加快 转化 落地 力争 多方 共赢 多点 开花 博兴 县委书记 高志 国说,0.17402161093800061
2023,2023/7/21,14版：社会,推进政策落实  拓展岗位资源（做好高校毕业生就业工作）,为抢抓高校毕业生就业冲刺期，5月至8月，教育部在全国范围内组织实施2023届高校毕业生就业“百日冲刺”行动。各地各高校聚焦促就业工作重点难点，加快推进政策宣传落实，精准拓展岗位资源。\n　　据悉，教育部积极配合人力资源社会保障部、财政部出台系列促就业政策，延续实施一次性扩岗补助政策，发挥失业保险助企扩岗作用，鼓励企业积极吸纳大学生等青年就业。各有关部门、各地方全面落实就业优先政策，完善吸纳就业补贴、社保补贴、职业培训补贴等政策体系，精准有效实施减负稳岗扩就业各项政策措施。\n　　在就业政策宣传方面，教育部面向多省份开展2023届高校毕业生就业工作专项调研，深入地方、企业、园区，发放政策手册、宣传解读政策。部署全国普通高校毕业生就业创业指导委员会和19个行业就指委进园区、进企业、进高校、进社区，共计宣讲政策400余次。会同相关部门编发《高校毕业生等青年就业创业政策汇编》，在教育部官网、国家大学生就业服务平台汇集发布各省份及100余个地市级单位高校毕业生就业创业政策措施1866条。组织开展“2023年高校毕业生就业创业政策宣传月”活动，指导毕业生和用人单位知晓政策、用好政策。\n　　“百日冲刺”期间，教育系统广泛开展线上线下招聘、校企供需对接等系列活动，有针对性地开拓市场岗位，更好匹配毕业生就业需求，提升访企拓岗的实效性和供需匹配度。\n　　各地各高校结合专业特色、毕业生就业意向等，持续开展“万企进校园”活动，重点邀请对毕业生具有较强吸引力的企业进校招聘。累计举办各类校园招聘活动6.4万场，79万余家企业提供岗位信息1230万余条，1074万余人次毕业生现场参加。\n　　“互联网+就业”助力毕业生“云求职”。以数字化赋能就业，为毕业生提供更多岗位资源。“百日冲刺”期间，教育部国家大学生就业服务平台推出“华东六省一市重点地区专场”“交通运输与邮政快递行业专场”等30场重点区域、重点领域线上招聘活动，累计参会用人单位8万余家，提供岗位信息120万余条。\n　　教育系统还组织了形式多样的校企供需对接活动，加强校企双方在定向人才培养培训、共建就业实习基地、重点领域校企合作等方面深度对接。教育部举办重点领域人才校企供需对接会，邀请了15个重点领域行业的35家企业，与北京大学、清华大学等25所高校现场对接，达成近百个合作意向。\n　　教育系统聚焦毕业生求职需要和就业进展，有的放矢做好就业指导服务，切实加强重点群体毕业生特别是尚未就业毕业生的帮扶，为毕业生提供暖心贴心、精准有效、“不断线”的指导服务。\n　　在财政部支持下，教育部扩大实施“中央专项彩票公益金宏志助航计划”，面向重点群体毕业生开展就业能力专题培训。目前已累计面向9.4万名2023届毕业生开展线下培训。各地各高校落实“一对一”帮扶责任制，四川省教育厅建立了重点群体毕业生基本信息和就业帮扶两本台账，开展重点群体毕业生与企业导师“结对子”帮扶。北京化工大学、河北大学、西藏大学等建立动态管理帮扶台账，帮助重点群体毕业生诊断求职过程中的困难和问题，并为他们推荐合适的岗位。\n　　教育系统持续做好毕业生离校前后促就业各项工作。会同有关部门举办2023届高校毕业生离校未就业专场网上招聘会、高校残疾人毕业生网络招聘活动等，提供岗位信息16万余条。,抢抓 高校 毕业生 就业 冲刺 教育部 全国 组织 实施 高校 毕业生 就业 百日 冲刺 高校 聚焦 就业 工作 重点难点 加快 推进 政策 宣传 落实 精准 拓展 岗位 资源 教育部 配合 人力资源 社会保障部 财政部 出台 系列 就业 政策 延续 实施 一次性 扩岗 补助 政策 发挥 失业 保险 助企 扩岗 作用 鼓励 企业 吸纳 大学生 青年 就业 部门 地方 全面落实 就业 优先 政策 完善 吸纳 就业 补贴 社保 补贴 职业培训 补贴 政策 体系 精准 实施 减负 稳岗 就业 各项政策 措施 就业 政策 宣传 教育部 面向 省份 高校 毕业生 就业 工作 专项 调研 地方 企业 园区 发放 政策 手册 宣传 解读 政策 部署 全国 普通高校 毕业生 就业 创业 指导 委员会 行业 指委进 园区 企业 高校 进社区 共计 宣讲 政策 余次 会同 相关 部门 编发 高校 毕业生 青年 就业 创业 政策 汇编 教育部 官网 国家 大学生 就业 服务平台 汇集 发布 省份 余个 地市级 单位 高校 毕业生 就业 创业 政策措施 组织 高校 毕业生 就业 创业 政策 宣传 活动 指导 毕业生 用人单位 知晓 政策 政策 百日 冲刺 期间 教育 系统 广泛开展 上线 招聘 校企 供需 对接 系列 活动 针对性 开拓市场 岗位 更好 匹配 毕业生 就业 需求 提升 访企拓 实效性 供需 匹配 高校 专业 特色 毕业生 就业 意向 持续 万企 进校园 活动 重点 邀请 毕业生 较强 吸引力 企业 进校 招聘 累计 举办 各类 校园 招聘 活动 万场 万余家 企业 提供 岗位 信息 万余条 万余人次 毕业生 现场 参加 互联网 就业 助力 毕业生 求职 数字化 赋能 就业 毕业生 提供 岗位 资源 百日 冲刺 期间 教育部 国家 大学生 就业 服务平台 推出 华东 六省 一市 重点 地区 专场 交通运输 邮政 快递 行业 专场 重点 区域 重点 领域 线上 招聘 活动 累计 参会 用人单位 万余家 提供 岗位 信息 万余条 教育 系统 组织 形式多样 校企 供需 对接 活动 校企 定向 人才培养 培训 共建 就业 实习 基地 重点 领域 校企 合作 深度 对接 教育部 举办 重点 领域 人才 校企 供需 对接 邀请 重点 领域 行业 企业 北京大学 清华大学 高校 现场 对接 达成 百个 合作意向 教育 系统 聚焦 毕业生 求职 就业 进展 有的放矢 做好 就业指导 服务 切实加强 重点 群体 毕业生 特别 尚未 就业 毕业生 帮扶 毕业生 提供 心贴心 精准 指导 服务 财政部 支持 教育部 实施 中央 专项 彩票 公益金 宏志 助航 计划 面向 重点 群体 毕业生 就业 能力 专题 培训 累计 面向 万名 毕业生 线下 培训 高校 落实 一对一 帮扶 责任制 四川省 教育厅 建立 重点 群体 毕业生 信息 就业 帮扶 两本 台账 重点 群体 毕业生 企业 导师 结对子 帮扶 北京化工大学 河北大学 西藏大学 建立 动态 管理 帮扶 台账 重点 群体 毕业生 诊断 求职 过程 困难 推荐 合适 岗位 教育 系统 持续 做好 毕业生 离校 就业 各项 工作 会同 部门 举办 高校 毕业生 离校 就业 专场 网上 招聘会 高校 残疾人 毕业生 网络 招聘 活动 提供 岗位 信息 万余条,0.17044146583998787
2023,2023/7/21,14版：社会,优化高校毕业生就业服务,最近，北京林业大学硕士毕业生李娟完成入职，这得益于学校搭建的“就业+”数字平台，根据其诉求，27条精准匹配的就业信息推送，助力她顺利找到工作。依托“就业+”平台，北京林业大学建立了覆盖全体毕业生的电子台账数据库，动态追踪毕业生就业进展，做到“一人一档”，精准服务。“我们根据‘学生画像’，分类别、分专业、分就业状态将就业信息推送至学生微信终端，提升人岗匹配精确度和实效性。”北京林业大学就业创业指导中心副主任闻亚说。\n　　去年下半年以来，北京着力做好2023届高校毕业生就业工作，通过科学研判形势、健全体制机制、拓展就业渠道、优化指导服务、帮扶重点群体等措施，将各项就业政策送到高校毕业生手里。\n　　强化统筹，多方联动凝聚工作合力。北京推动多部门合力制定相应工作方案和措施，通过政策宣讲就业育人行动、政校企联合拓岗行动、基层就业引导行动、困难群体就业援助行动、智慧就业服务提升行动、毕业生求职助航行动、创业带动就业扶持行动、就业工作队伍提升行动、就业数据赋能行动、就业创业宣传行动等十大行动，努力保障高校毕业生就业创业。\n　　挖掘潜力，千方百计扩大岗位供给。北京市教委主动与各省、市、区所属地级市组织、人社、国资部门对接，开拓岗位，为地方发展提供人才支持。召开双选会393场（线下181场），提供就业岗位214万个。高校举办招聘会5655场，提供岗位138.2万个。指导高校访企拓岗5374次，挖掘岗位5.4万个。\n　　聚焦难点，做好困难帮扶。“多亏了学校2023年宏志助航‘决战春招’培训班，让我求职方向更明晰，简历制作更专业，面试更从容。”北京科技大学的一名困难毕业生感慨，如今她已入职一家汽车企业的研发机构。在推进高校毕业生就业上，北京要求各高校重点关注脱贫家庭、低保家庭、零就业家庭以及有残疾的、较长时间未就业的高校毕业生。依托“宏志助航计划”培训就业困难大学生，提升求职能力。在北京，各大高校针对未就业困难群体开展1次谈心谈话，推荐5个有效岗位，组织参与3次线上线下就业促进活动。\n　　鼓励创业，促进创业带动就业。北京市教委高校学生处副处长吴缨介绍，北京打造市级“一街四园多点”创新创业工作体系，创业孵化面积超过8万平方米。启动第二届“京彩大创”大学生创新创业大赛，遴选优秀大学生创业团队入驻市级大学生创业园，并提供全方位服务。,北京林业大学 硕士 毕业生 李娟 入职 得益于 学校 搭建 就业 数字 平台 诉求 精准 匹配 就业 信息 推送 助力 顺利 找到 工作 依托 就业 平台 北京林业大学 建立 覆盖 毕业生 电子 台账 数据库 动态 追踪 毕业生 就业 进展 一人 一档 精准 服务 学生 画像 分类 专业 就业 状态 就业 信息 推送 学生 微信 终端 提升 人岗 匹配 精确度 实效性 北京林业大学 就业 创业 指导 中心 主任 闻亚 去年 下半年 着力 做好 高校 毕业生 就业 工作 科学 研判 形势 健全 体制 机制 拓展 就业 渠道 优化 指导 服务 帮扶 重点 群体 措施 各项 就业 政策 送到 高校 毕业生 手里 强化 统筹 多方 联动 凝聚 工作 合力 推动 部门 合力 制定 工作 方案 措施 政策 宣讲 就业 育人 校企 联合 拓岗 基层 就业 引导 困难 群体 就业 援助 智慧 就业 服务 提升 毕业生 求职 航行 创业 带动 就业 扶持 就业 工作 队伍 提升 就业 数据 赋能 就业 创业 宣传 十大 努力 保障 高校 毕业生 就业 创业 挖掘潜力 千方百计 岗位 供给 北京市教委 主动 各省 所属 地级市 组织 人社 国资 部门 对接 开拓 岗位 地方 发展 提供 人才 支持 双选会 线下 提供 就业 岗位 万个 高校 举办 招聘会 提供 岗位 万个 指导 高校 访企拓 挖掘 岗位 万个 聚焦 难点 做好 困难 帮扶 学校 宏志 助航 决战 春招 培训班 求职 方向 明晰 简历 制作 专业 面试 从容 北京科技大学 一名 困难 毕业生 感慨 已入 一家 汽车 企业 研发 机构 推进 高校 毕业生 就业 高校 重点 关注 脱贫 家庭 低保 家庭 就业 家庭 残疾 较长时间 就业 高校 毕业生 依托 宏志 助航 计划 培训 就业 困难 大学生 提升 求职 能力 各大 高校 就业 困难 群体 谈心 谈话 推荐 岗位 组织 参与 次线 上线 就业 活动 鼓励 创业 创业 带动 就业 北京市教委 高校学生 副处长 吴缨 介绍 打造 市级 一街 四园 多点 创新 创业 工作 体系 创业 孵化 面积 超过 万平方米 启动 第二届 京彩大创 大学生 创新 创业 大赛 遴选 优秀 大学生 创业 团队 入驻 市级 大学生 创业园 提供 全方位 服务,0.14847893242691562
2023,2023/7/25,19版：党建,多措并举引才聚才,"“家乡组团来招聘，感觉特别亲切，人才政策也非常实在、很有吸引力，毕业后希望回到家乡，为家乡发展作贡献。”清华大学能源与动力工程系应届毕业生解金鹏说。\n　　今年3月以来，内蒙古自治区赤峰市由市委主要领导带队，在北京大学、清华大学、中国科学院大学等高校开展“文明红山??青春赤峰”招才引智系列活动。活动开展以来，全市72家用人单位提供就业岗位379个，共吸引1610余名高校学生参加活动。\n　　近年来，赤峰市各项事业迅速发展，对人才的需求不断增加。为引进各类急需紧缺人才，赤峰市委人才工作领导小组启动“文明红山??青春赤峰”招才引智系列活动，专门出台“绿色通道”、人才绿卡及安置费、生活补贴、住房保障等一系列引才优惠政策。通过“绿色通道”引进的高校毕业生，最高可获得30万元一次性安置费，并可在两年内免费入住“玉龙人才”公寓，需要租房居住的，两年内每人每年给予最高2万元租房补贴。同时，有关人才在评聘职称、居留服务、医疗保健服务、交通服务、综合服务等方面，均可享优惠待遇。\n　　依托“文明红山??青春赤峰”招才引智系列品牌，赤峰与北京、上海、深圳等地高校在创新平台建设、学术课题研究等方面深化共建合作。通过在高校开展美食周活动，推动高校在校学生赴赤峰开展政务实习、社会实践等，不断扩大城市知名度和影响力。目前，共吸引194名国内知名高校毕业生到赤峰工作，人才队伍结构进一步优化。
（macrodatas.cn） （来 自 马 克 数 据 网）",家乡 组团 招聘 感觉 特别 亲切 人才 政策 实在 吸引力 毕业 希望 回到 家乡 家乡 发展 作贡献 清华大学 能源 动力 工程系 应届 毕业生 解金鹏 内蒙古自治区 赤峰市 市委 领导 带队 北京大学 清华大学 中国科学院 大学 高校 文明 红山 青春 赤峰 招才 引智 系列 活动 活动 全市 用人单位 提供 就业 岗位 吸引 余名 高校学生 参加 活动 赤峰市 各项事业 发展 人才 需求 增加 引进 各类 急需 紧缺 人才 赤峰 市委 人才 工作 领导小组 启动 文明 红山 青春 赤峰 招才 引智 系列 活动 出台 绿色通道 人才 绿卡 安置费 生活 补贴 住房 保障 一系列 引才 优惠政策 绿色通道 引进 高校 毕业生 万元 一次性 安置费 两年 免费 入住 玉龙 人才 公寓 租房 居住 两年 每人每年 给予 万元 租房 补贴 人才 评聘 职称 居留 服务 医疗保健 服务 交通 服务 综合 服务 可享 优惠待遇 依托 文明 红山 青春 赤峰 招才 引智 系列 品牌 赤峰 上海 深圳 高校 创新 平台 建设 学术 课题 研究 深化 共建 合作 高校 美食 活动 推动 高校 在校学生 赤峰 政务 实习 社会 实践 不断扩大 城市 知名度 影响力 吸引 国内 知名 高校 毕业生 赤峰 工作 人才队伍 结构 进一步 优化,0.13627846610359365
2023,2023/7/24,11版：文化,大陆高校师生团一行结束访台行程返京,新华社台北7月23日电??（记者陈君、王承昊）北京大学党委书记郝平教授率大陆高校师生团一行，23日中午圆满结束在台湾的交流参访，搭机返回北京。\n　　应马英九文教基金会邀请，7月15日至23日，北京大学、清华大学、复旦大学、武汉大学、湖南大学5所大陆高校的37名师生赴台交流。在台期间，他们与台湾大学、政治大学、中国文化大学、东华大学等高校交流，并到台北、台中、新北、新竹和花莲等县市参访。,台北 陈君 王承昊 北京大学 党委书记 郝平 教授 大陆 高校 师生 一行 中午 圆满结束 台湾 交流 参访 搭机 返回 马英九 文教 基金会 邀请 日至 北京大学 清华大学 复旦大学 武汉大学 湖南大学 大陆 高校 师生 交流 期间 台湾大学 政治 大学 中国 文化 大学 东华大学 高校 交流 台北 新北 新竹 花莲 县市 参访,0.13372847914138705
2023,2023/7/20,17版：国际,巴西强化校园安全,巴西政府最近组建了一个由教育部牵头的小组，专门负责加强校园安全管理。巴西教育部表示，将面向公立学校管理人员开展安全管理培训。巴西妇女、家庭和人权部专门设立了社交软件举报平台，用于接收针对校园暴力的举报。\n　　巴西两所高校的研究人员不久前开展的一项联合调查结果显示，2022年8月至2023年3月，巴西每个月均有多起校园暴力事件发生。巴西坎皮纳斯州立大学教授泰尔玛·维尼亚表示，巴西校园暴力事件增多与青少年使用网络时间延长、社会极端言论增多等因素有关，应高度重视青少年心理健康问题并及时做好疏解引导工作。\n　　今年4月，由巴西国家公共安全秘书处协调的巴西安全学校行动正式启动。截至目前，该行动取得明显成效，已及时清理了一批煽动校园暴力、传播极端思想和虚假信息的社交媒体账号。\n　　巴西各州也相应采取了具体措施，包括设立举报热线电话、增加学校保安数量，加强心理健康教育、增设安全设备、收紧枪支管控等。巴西政府表示将加大整治网络空间的力度，同时进一步收紧对社交媒体的管控。政府督促媒体积极承担社会责任，呼吁家长与政府和学校携手，共同保护学生身心健康。\n　　（本报里约热内卢7月19日电）,巴西政府 组建 教育部 牵头 小组 负责 校园 管理 巴西 教育部 面向 公立学校 管理人员 管理 培训 巴西 妇女 家庭 人权 设立 社交 软件 举报 平台 用于 接收 校园 暴力 举报 巴西 两所 高校 研究 人员 不久前 一项 联合 调查 结果显示 巴西 月均 有多起 校园 暴力事件 发生 巴西 皮纳斯 州立大学 教授 泰尔 维尼亚 巴西 校园 暴力事件 增多 青少年 网络 时间 延长 社会 言论 增多 因素 高度重视 青少年 心理健康 做好 疏解 引导 工作 巴西 国家 公共安全 秘书处 协调 巴西 学校 正式 启动 成效 清理 一批 煽动 校园 暴力 传播 思想 虚假 信息 社交 媒体 账号 巴西 各州 具体措施 包括 设立 举报 热线电话 增加 学校 保安 数量 心理健康 教育 增设 安全设备 收紧 枪支 管控 巴西政府 加大 整治 网络空间 力度 进一步 收紧 社交 媒体 管控 政府 督促 媒体 承担 社会 责任 呼吁 家长 政府 学校 携手 保护 学生 身心健康 里约热内卢,0.12558358965987335
2023,2023/7/25,05版：评论,多措并举，促进高质量充分就业（人民时评）,强化就业优先政策，健全就业促进机制，促进高质量充分就业\n　　\n　　就业是最基本的民生。上半年，全国城镇新增就业678万人，同比增加24万人；二季度，全国城镇调查失业率均值为5.2%，比一季度回落0.3个百分点……中国经济半年报交出了一份就业规模稳步扩大、城镇调查失业率下降、农民工就业总体改善的就业成绩单。\n　　就业形势总体改善，得益于经济恢复向好。经济发展是民生改善、就业扩大的物质基础，就业状况很大程度取决于经济增长的质量和速度。上半年，国内生产总值同比增长5.5%，增速比去年明显加快。6月份城镇就业人数比上年同期明显增加，25岁至59岁城镇劳动力失业率为4.1%，已经低于2019年水平。二季度末，外出务工农村劳动力有18705万人，同比增长3.2%，说明随着经济恢复，劳动者进入劳动力市场寻找工作的意愿在增强。可见经济恢复向好，促进了就业形势总体好转。\n　　就业形势总体改善，也得益于全面落实就业优先政策。今年以来，河北发布17条稳就业政策，开发设置临时性公益岗位，对符合条件的困难毕业生发放求职补贴；江苏为用工规范、稳岗效果好的小微企业和个体工商户发放稳岗扩岗类贷款约435亿元；云南将吸纳就业补贴范围扩大至所有经营主体和社会组织，增加受益主体418.71万户……各地出台的举措，为稳定就业基本盘发挥了积极作用。事实证明，办法总比困难多。多措并举稳存量、扩增量、提质量、兜底线，加大就业帮扶助企稳岗，完善公共就业服务，加强职业技能培训，就能为就业稳定创造更有利的条件。\n　　也应看到，当前就业的总量压力和结构性问题仍然存在，青年人的“求职难”和部分行业“招工难”并存，稳就业需要持续加力。7月24日，中共中央政治局召开会议，分析研究当前经济形势，部署下半年经济工作，强调“把稳就业提高到战略高度通盘考虑”。\n　　稳就业，经济发展是根本。上半年，服务业增加值同比增长6.4%，对扩大就业带动明显。科创企业、高新企业，以及就业容量大的新业态发展向好，也有潜力释放出更多新岗位。从高质量发展中开拓高质量就业空间，既有利于稳就业，也有利于促进高质量充分就业，进一步释放人才红利，为未来发展积蓄动能。\n　　稳就业，政策保障需护航。推行失业保险稳岗返还“免申即享”，落实吸纳就业补贴、职业培训补贴“直补快办”，进一步强化政策引导，在保持稳就业政策总体稳定的同时，有针对性优化调整阶段性政策并加大薄弱环节支持力度，多渠道拓宽就业空间，就能确保就业大局稳定。\n　　稳就业，服务帮忙畅渠道。把促进青年人特别是高校毕业生就业创业工作摆在更加突出的位置，加强对青年群体的就业服务，深入开展职业教育产教融合赋能提升行动，持续推动公共职业技能培训提质扩面；聚焦残疾、低保家庭等困难人群送信息、送服务、送政策、送保障……落实落细各项服务，可以助力增强就业的适配性稳定性。\n　　习近平总书记强调：“强化就业优先政策，健全就业促进机制，促进高质量充分就业。”就业关系到每一个劳动者的权益，关系到每一个家庭的幸福。笃定信心、稳中求进，创新思路、多措并举，我们定能形成促进高质量充分就业的强大合力，为经济发展注入强劲动能。 来源：百度“马 克 数据网”,强化 就业 优先 政策 健全 就业 机制 高质量 充分就业 就业 民生 上半年 全国 城镇 新增 就业 万人 同比增加 万人 二季度 全国 城镇 调查 失业率 均值 一季度 回落 百分点 中国 经济 半年报 交出 一份 就业 规模 稳步 城镇 调查 失业率 下降 农民工 就业 总体 改善 就业 成绩单 就业 形势 总体 改善 得益于 经济 恢复 经济 发展 民生 改善 就业 物质基础 就业 状况 很大 程度 取决于 经济 增长 质量 速度 上半年 国内 生产总值 同比 增长 增速 去年 加快 月份 城镇 就业人数 上年 同期 明显增加 城镇 劳动力 失业率 低于 水平 季度末 外出 务工 农村 劳动力 万人 同比 增长 经济 恢复 劳动者 劳动力 市场 寻找 工作 意愿 增强 经济 恢复 就业 形势 总体 好转 就业 形势 总体 改善 得益于 全面落实 就业 优先 政策 今年以来 河北 发布 条稳 就业 政策 开发 设置 临时性 公益 岗位 符合条件 困难 毕业生 发放 求职 补贴 江苏 用工 规范 稳岗 效果 小微 企业 个体 工商户 发放 稳岗 扩岗类 贷款 亿元 云南 吸纳 就业 补贴 经营 主体 社会 组织 增加 受益 主体 万户 出台 举措 稳定 就业 发挥 作用 事实证明 办法 困难 多措 并举 存量 增量 质量 底线 加大 就业 扶助 企稳岗 完善 公共 就业 服务 职业技能 培训 就业 稳定 创造 条件 就业 总量 压力 结构性 青年人 求职难 行业 招工难 并存 就业 持续 加力 中共中央政治局 会议 分析 研究 经济 形势 部署 下半年 经济 工作 就业 提高 战略 高度 通盘考虑 就业 经济 发展 上半年 服务业 增加值 同比 增长 就业 带动 科创 企业 高新 企业 就业 容量 业态 发展 潜力 释放 岗位 高质量 发展 开拓 高质量 就业 空间 有利于 就业 有利于 高质量 充分就业 进一步 释放 人才 红利 未来 发展 积蓄 动能 就业 政策 保障 护航 推行 失业 保险 稳岗 返还 免申 即享 落实 吸纳 就业 补贴 职业培训 补贴 直补快 进一步 强化 政策 引导 就业 政策 总体 稳定 针对性 优化 调整 阶段性 政策 加大 薄弱环节 支持 力度 多渠道 拓宽 就业 空间 确保 就业 大局 稳定 就业 服务 帮忙 渠道 青年人 特别 高校 毕业生 就业 创业 工作 摆在 位置 青年 群体 就业 服务 深入开展 职业 教育 产教 融合 赋能 提升 持续 推动 公共 职业技能 培训 提质 扩面 聚焦 残疾 低保 家庭 困难 人群 信息 服务 政策 保障 落实 落细 各项 服务 助力 增强 就业 适配 稳定性 习近平 总书记 强化 就业 优先 政策 健全 就业 机制 高质量 充分就业 就业 关系 劳动者 权益 关系 家庭 幸福 笃定 信心 稳中求进 创新 思路 多措 并举 高质量 充分就业 强大 合力 经济 发展 注入 强劲 动能,0.12333344282076933
2023,2023/7/24,06版：要闻,就业形势保持总体稳定,核心阅读\n　　7月21日，人力资源和社会保障部举行二季度新闻发布会，解读当前就业形势、介绍保障高校毕业生等青年群体就业举措。强化政策支持、完善服务举措、发力权益保障……随着经济进一步企稳向好，加上稳就业政策效力逐步释放，就业形势将持续保持稳定。\n?\n　　就业是最基本的民生。7月5日至7日，习近平总书记在江苏考察时强调，要加快健全社会保障体系，健全就业促进机制和就业公共服务体系，做好重点群体就业工作。\n　　今年以来，我国就业总体形势如何？人社部门采取哪些措施促进高校毕业生等青年群体就业？下一步如何做好稳就业相关工作？7月21日，人力资源和社会保障部举行二季度新闻发布会，对相关问题进行了解读。\n　\n　　上半年，各地区各有关部门认真贯彻落实党中央、国务院决策部署，突出做好稳增长、稳就业、稳物价工作，推动经济回升向好，就业形势保持总体稳定。\n　　人社部就业促进司副司长陈勇嘉介绍，今年以来，城镇调查失业率整体呈下降趋势，6月份回落至5.2%，较去年同期下降0.3个百分点。1—6月，我国实现城镇新增就业678万人，完成全年目标任务的57%。此外，困难群体就业得到积极保障。6月末，脱贫人口务工规模达3259万人，超过3000万人的年度目标。1—6月，城镇失业人员再就业268万人、困难人员就业87万人，同比均有所增加。\n　　陈勇嘉分析，随着经济进一步企稳向好，对就业的支撑能力不断增强，加上稳就业政策效力逐步释放，就业形势将持续保持稳定。\n　　下一步，人社部将落实落细就业优先政策，努力完成就业目标任务，努力确保就业大局稳定：\n　　强化岗位挖掘增潜力。加力落实好优化调整的稳就业政策，持续推行“直补快办”模式，加快制定高质量充分就业意见，加大对吸纳就业能力强的行业企业支持力度。\n　　强化创业创新激活力。放宽市场准入，落实创业担保贷款和贴息政策，强化场地支持、创业培训、资源对接、跟踪指导等一系列链式服务，营造浓厚创业氛围。\n　　强化供需匹配加效力。推出全国就业公共服务信息平台，推动全流程进系统、全业务实名制、全服务用数据。推进党建引领基层治理，打造万个“家门口”就业服务站。合理布局零工市场，推进即时招聘服务，完善促进灵活就业的激励政策和保障措施。\n　　强化青年支持添动力。加速推进就业服务攻坚行动，全面落实“1311”实名服务，加快事业单位“三支一扶”等岗位招录。强化对困难毕业生和长期失业青年的结对帮扶，深化百万见习岗位募集计划，帮助他们尽早就业。同时，提前谋划部署2024届高校毕业生就业工作。\n　　强化兜底帮扶强助力。实施防止返贫就业攻坚行动，稳定农民工特别是脱贫人口的务工规模。加强对失业人员和困难人员的就业帮扶，及时足额发放失业保险待遇，保障好困难群众的基本生活。\n　　\n????\n　　高校毕业生等青年就业是关系发展稳定和民生福祉的大事要事。当前正值毕业离校季，高校毕业生等青年仍面临较大的求职就业压力。人社部门坚决贯彻落实党中央、国务院决策部署，始终把促进青年特别是高校毕业生就业摆在突出位置，强化政策支持、服务助力、困难帮扶、权益保障，全力做好高校毕业生就业工作。\n　　陈勇嘉介绍，人社部门于7月至12月，以“服务促就业??筑梦迎未来”为主题，启动高校毕业生青年就业服务攻坚行动，采取“一二三三”服务举措，千方百计促进他们就业创业。\n　　——公布一批指南。统筹各地人社部门，运用各种渠道，集中亮出线上线下各类求助途径、各类招聘平台、服务机构名录和政策服务清单。目前，各省份普遍面向毕业生发布了公开信，人社部已全面开放了高校毕业生求职登记小程序，只要有就业需求的毕业生都可以来登记求职。\n　　——开展两类帮扶。人社部门建立完善实名帮扶台账，一方面，针对有服务需要的登记失业青年和2023届离校未就业毕业生开展实名服务，将提供1次政策宣介、1次职业指导、3次岗位推介、1次技能培训或就业见习机会。另一方面，针对未就业困难毕业生及长期失业青年，组织结对帮扶，制定帮扶计划，对长期失业青年组织实践引导活动。\n　　——提供三项服务。在政策服务上，运用数据比对精准识别政策服务对象，分类推送、集中兑现基层就业、企业吸纳、自主创业、灵活就业、培训见习等各类补贴。在招聘服务上，高频次举办面向毕业生等青年的线上线下专场招聘活动，做到周周有招聘、时时有岗位。在培训服务上，大力开展新职业、先进制造业、现代服务业等领域的培训，助推尽快实现就业。\n　　——做好三重保障。提供便捷可及的服务保障，推行15分钟就业服务圈，建设“家门口”就业服务站，提供招聘求职、政策咨询、职业指导、创业辅导等在线服务；强化公正公平权益保障，整治虚假招聘、就业歧视等违法行为；营造积极向上的环境氛围，挖掘一批就业创新青年典型，激发青年就业创新热情。\n　　此外，人社部人力资源流动管理司司长张文淼介绍，今年中央财政支持招募3.4万名高校毕业生到基层从事“三支一扶”工作，目前，31个省份以及新疆生产建设兵团都发布了招募公告，总体招募工作争取在8月底前完成。\n　　人社部失业保险司副司长刘鹏介绍，实施一次性扩岗补助政策是促进高校毕业生等青年群体就业的重要举措。今年6月25日，人社部等部门印发了延续实施一次性扩岗补助的政策文件，明确对招用2023届及离校两年内未就业普通高校毕业生、登记失业的16—24岁青年，签订劳动合同并为其缴纳失业保险、工伤保险、职工养老保险费1个月以上的企业，可按照每招用1人不超过1500元的标准发放一次性扩岗补助，激励企业招用高校毕业生等青年群体。\n　　“人社部将竭尽全力，进一步强化政策保障，做实做细就业指导服务，支持毕业生等青年到各行各业施展才华，建功立业。”陈勇嘉说。\n　\n　　人力资源服务业直接服务亿万劳动者和广大用人单位，是稳定和扩大就业、提高人力资源利用水平、构建现代化产业体系的重要力量。\n　　据统计，截至2022年底，全国共有各类人力资源服务机构6.3万家，全年为3亿人次劳动者和5268万家次的用人单位提供了专业的人力资源服务，充分发挥了匹配供需、专业高效的优势。\n　　张文淼表示，随着市场活动形式日益多样，非法职介、虚假招聘、泄露求职者个人信息、违规收费等损害劳动者权益的现象时有发生。为进一步规范人力资源服务活动，保障劳动者合法权益，促进人力资源服务业高质量发展，今年6月，人社部制定出台了《人力资源服务机构管理规定》（以下简称《规定》），这是人社部在人力资源市场领域的首部规章，为人力资源服务机构从事人力资源服务活动提供了基本依据和准则。\n　　聚焦维护劳动者权益。《规定》明确了招聘信息发布和审查、个人信息处理和保护、健全服务制度和明示服务信息等方面的具体要求，进一步压实服务机构维护劳动者权益的责任，确保服务机构权责一致。\n　　优化许可备案管理。《规定》进一步细化人力资源服务许可备案相关规定，放宽准入、减少材料、优化服务、提高效能，优化了人力资源服务领域营商环境。\n　　规范机构服务活动。《规定》划定了人力资源服务机构开展服务的“红线”，明确相关禁止行为。比如，对人力资源培训、举办招聘会、供求信息的收集和发布、人力资源服务外包等服务活动进行规范，明确规定不得采取垄断、不正当竞争等手段开展服务。\n　　推进行业健康发展。《规定》进一步规范日常检查、信用管理、社会监督，并对实际工作中急需的确定管辖权、撤销注销许可、加强部门协同等作出规定，构建较为完备的综合管理服务制度体系。\n　　《规定》将于今年8月1日开始施行。“我们将做好贯彻实施工作，全力维护人力资源市场良好秩序，切实保障劳动者的合法权益，更好发挥人力资源服务业促进就业、服务人才、推动发展的重要作用。”张文淼说。\n　　制图：蔡华伟,核心 阅读 人力资源 社会保障部 二季度 新闻 发布会 解读 就业 形势 介绍 保障 高校 毕业生 青年 群体 就业 举措 强化 政策 支持 完善 服务 举措 发力 权益 保障 经济 进一步 企稳 就业 政策 效力 释放 就业 形势 持续 保持稳定 就业 民生 日至 习近平 总书记 江苏 考察 加快 健全 社会保障 体系 健全 就业 机制 就业 公共服务 体系 做好 重点 群体 就业 工作 今年以来 中国 就业 总体 形势 人社 部门 措施 高校 毕业生 青年 群体 就业 一步 做好 就业 相关 工作 人力资源 社会保障部 二季度 新闻 发布会 相关 解读 上半年 地区 部门 贯彻落实 党中央 国务院 决策 部署 做好 增长 就业 物价工作 推动 经济 回升 就业 形势 总体 稳定 社部 就业 副司长 陈勇 介绍 今年以来 城镇 调查 失业率 整体 下降 趋势 月份 回落 去年同期 下降 百分点 中国 城镇 新增 就业 万人 目标 困难 群体 就业 保障 月末 脱贫 人口 务工 规模 万人 超过 万人 年度 目标 城镇 失业 人员 就业 万人 困难 人员 就业 万人 同比 有所增加 陈勇 分析 经济 进一步 企稳 就业 支撑 能力 增强 就业 政策 效力 释放 就业 形势 持续 保持稳定 一步 人社 部将 落实 落细 就业 优先 政策 努力完成 就业 目标 努力 确保 就业 大局 稳定 强化 岗位 挖掘 潜力 加力 落实 优化 调整 就业 政策 持续 推行 直补快 模式 加快 制定 高质量 充分就业 意见 加大 吸纳 就业 能力 行业 企业 支持 力度 强化 创业 创新 激活 放宽 市场准入 落实 创业 担保 贷款 贴息 政策 强化 场地 支持 创业 培训 资源 对接 跟踪 指导 一系列 链式 服务 营造 浓厚 创业 氛围 强化 供需 匹配 效力 推出 全国 就业 公共服务 信息 平台 推动 流程 系统 业务 实名制 服务 数据 推进 党建 引领 基层 治理 打造 万个 家门口 就业 服务站 合理布局 零工 市场 推进 即时 招聘 服务 完善 灵活 就业 激励 政策 保障 措施 强化 青年 支持 动力 加速 推进 就业 服务 攻坚 全面落实 实名 服务 加快 事业单位 三支 一扶 岗位 招录 强化 困难 毕业生 长期 失业 青年 结对 帮扶 深化 百万 见习 岗位 募集 计划 就业 提前 谋划 部署 高校 毕业生 就业 工作 强化 兜底 帮扶 助力 实施 返贫 就业 攻坚 稳定 农民工 特别 脱贫 人口 务工 规模 失业 人员 困难 人员 就业 帮扶 足额 发放 失业 保险 待遇 保障 困难群众 生活 高校 毕业生 青年 就业 关系 发展 稳定 民生 福祉 大事 要事 毕业 离校 高校 毕业生 青年 面临 较大 求职 就业 压力 人社 部门 贯彻落实 党中央 国务院 决策 部署 始终 青年 特别 高校 毕业生 就业 摆在 突出位置 强化 政策 支持 服务 助力 困难 帮扶 权益 保障 做好 高校 毕业生 就业 工作 陈勇 介绍 人社 部门 服务 就业 筑梦迎 未来 主题 启动 高校 毕业生 青年 就业 服务 攻坚 一二三 服务 举措 千方百计 就业 创业 公布 一批 指南 统筹 人社 部门 各种渠道 亮出 上线 各类 求助 途径 各类 招聘 平台 服务 机构 名录 政策 服务 清单 省份 面向 毕业生 发布 公开信 社部 开放 高校 毕业生 求职 登记 程序 就业 需求 毕业生 登记 求职 两类 帮扶 人社 部门 建立 完善 实名 帮扶 台账 服务 登记 失业 青年 离校 就业 毕业生 实名 服务 提供 政策 宣介 职业指导 岗位 推介 技能 培训 就业 见习 机会 就业 困难 毕业生 长期 失业 青年 组织 结对 帮扶 制定 帮扶 计划 长期 失业 青年 组织 实践 引导 活动 提供 三项 服务 政策 服务 数据 精准 识别 政策 服务 对象 分类 推送 兑现 基层 就业 企业 吸纳 自主 创业 灵活 就业 培训 见习 各类 补贴 招聘 服务 高频 举办 面向 毕业生 青年 上线 专场 招聘 活动 周周 招聘 时时 岗位 培训 服务 大力开展 职业 先进 制造业 服务业 领域 培训 助推 就业 做好 三重 保障 提供 便捷 可及 服务 保障 推行 分钟 就业 服务 建设 家门口 就业 服务站 提供 招聘 求职 政策 咨询 职业指导 创业 辅导 在线 服务 强化 公正 公平 权益 保障 整治 虚假 招聘 就业 歧视 违法行为 营造 积极向上 环境 氛围 挖掘 一批 就业 创新 青年 典型 激发 青年 就业 创新 热情 社部 人力资源 流动 管理司 司长 张文淼 介绍 中央财政 支持 招募 万名 高校 毕业生 基层 三支 一扶 工作 省份 新疆生产建设兵团 发布 招募 公告 总体 招募 工作 月底 社部 失业 保险 副司长 刘鹏 介绍 实施 一次性 扩岗 补助 政策 高校 毕业生 青年 群体 就业 举措 社部 部门 印发 延续 实施 一次性 扩岗 补助 政策 文件 招用 离校 两年 内未 就业 普通高校 毕业生 登记 失业 青年 签订 劳动合同 缴纳 失业 保险 工伤保险 职工 养老保险费 企业 招用 超过 标准 发放 一次性 扩岗 补助 激励 企业 招用 高校 毕业生 青年 群体 人社 部将 竭尽全力 进一步 强化 政策 保障 做实 就业指导 服务 支持 毕业生 青年 各行各业 施展才华 建功立业 陈勇嘉说 人力资源 服务业 服务 亿万 劳动者 用人单位 稳定 就业 提高 人力资源 利用 水平 构建 现代化 产业 体系 力量 据统计 年底 全国 共有 各类 人力资源 服务 机构 万家 亿人次 劳动者 万家 用人单位 提供 专业 人力资源 服务 充分发挥 匹配 供需 专业 高效 优势 张文淼 市场 活动 形式 多样 非法 职介 虚假 招聘 泄露 求职者 个人信息 违规 收费 损害 劳动者 权益 现象 时有发生 进一步 规范 人力资源 服务 活动 保障 劳动者 合法权益 人力资源 服务业 高质量 发展 社部 制定 出台 人力资源 服务 机构 管理 简称 社部 人力资源 市场 领域 首部 规章 人力资源 服务 机构 人力资源 服务 活动 提供 准则 聚焦 维护 劳动者 权益 招聘 信息 发布 审查 信息处理 保护 健全 服务 制度 明示 服务 信息 进一步 压实 服务 机构 维护 劳动者 权益 责任 确保 服务 机构 权责 优化 许可 备案 管理 进一步 细化 人力资源 服务 许可 备案 相关 放宽 准入 减少 材料 优化 服务 提高 效能 优化 人力资源 服务 领域 营商 环境 规范 机构 服务 活动 划定 人力资源 服务 机构 服务 红线 相关 禁止 人力资源 培训 举办 招聘会 供求信息 收集 发布 人力资源 服务 外包 服务 活动 规范 明确规定 垄断 正当竞争 手段 服务 推进 行业 健康 发展 进一步 规范 日常 检查 信用 管理 社会 监督 工作 急需 管辖权 撤销 注销 许可 部门 协同 作出 构建 完备 综合 管理 服务 制度 体系 施行 做好 贯彻实施 工作 维护 人力资源 市场 秩序 切实 保障 劳动者 合法权益 更好 发挥 人力资源 服务业 就业 服务 人才 推动 发展 作用 张文淼 制图 蔡华伟,0.11654177013907686
2023,2023/7/22,05版：要闻,结对帮扶，为乡村教育发展添砖加瓦,"早上7点，从北京市朝阳区一路往北，临近京冀交界，金山岭长城抬头可见，蜿蜒若现。穿过深山隧道，大巴停在了河北省滦平县大屯镇兴洲明德小学。随车而来的，是人民日报社为滦平12所乡村小学捐赠的100台电脑、课桌椅、图书等物资。\n　　校园里，一派勃勃生机。蓝天白云下，暖橙色的教学楼窗明几净，红绿相间的塑胶操场开阔平坦，一侧的绿荫长廊里，有师生共同种植的花卉苗圃。另一侧，修葺一新的学生食堂宽敞明亮。一校一舍，一点一滴，都在诉说着学校的改变。\n　　变化的不只兴洲明德小学。2017年6月，人民日报社选派13名干部职工，担任对口帮扶滦平县部分乡村小学的名誉校长。对接资源，新建校舍，改善乡村学校办学条件；开展丰富多彩的支教活动，帮助学校更新教学理念；一对一持续帮扶，为学生打开新天地……名誉校长牵头、报社各部门协力，人民日报社广泛开展爱心助学活动，扎扎实实为乡村学校做好事、办实事、解难事。\n　　\n　　2017年，秋季学期开学伊始，金沟屯镇中心校柳台教学点（现并入金沟屯镇中心校明德小学）的同学们收到了名誉校长张烁送出的第一份礼物——新校服、新球鞋，以及一大箱童书绘本。“新校服太漂亮啦！”领取礼物时，孩子们的眼睛亮晶晶的。\n　　“第一次走进柳台教学点，我心中五味杂陈。”接到任命通知后，人民日报政治文化部港澳台采访室主编张烁到学校调研，她回忆说，“当时的场景记忆犹新，一些孩子的衣服已经洗得褪色，有的衣服面料不吸汗、大小不合身。”\n　　经过多方联系、反复沟通，张烁争取到一家校服企业的无条件赞助。于是，在这个大山脚下的乡村小学，孩子们第一次有了校服——衬衣长裤、毛线背心和格纹领结，校服裁剪得体、面料舒适、美观大方。\n　　为农村学生打开更广阔的新天地，张烁推荐学生参加“中华大家园”全国关爱各族少年儿童夏令营。开学第一课上，学生分享了参加夏令营的成长感悟：“我是来自农村的孩子，盼望着走出大山，开阔眼界、增长见识。‘旅途’开始的第一站是首都北京，我看到了雄伟壮观的天安门、风景优美的颐和园……”\n　　从提供新校服到新课本、新桌椅、新校舍，坚持补短板、兜底线，人民日报社各部门单位尽其所能，为滦平县提供资金、物力、人才支持，受帮扶学校基本办学条件显著改善。\n　　人民日报数字传播公司为滦平镇中心校协调建设2间多媒体教室，捐赠教学机器人和多媒体教学设备，为学校购置打印机、电风扇、桌椅、文体器材、净水机等用品；中国能源汽车传播集团为大屯中心校烧锅营小学协调建设包括200多件乐器在内的音乐教室，以及包括画架、画板、颜料套装、彩泥等绘画用具的美术教室；人民日报办公厅为火斗山中心校捐赠触控一体机、多媒体设备等硬件设施，帮助学校利用网络资源，提高教学质量。\n　　“以前，大屯中心校路南营小学没有单独的校舍、操场，孩子们只能窝在村部的一楼学习生活。”大屯中心校校长孔英利说，在报社积极协调下，不到一年，建筑面积555平方米的现代化校舍投入使用，“明亮温暖的新教室里，时常传出孩子们的欢笑声。教学环境好了，孩子们学得更起劲，精神面貌焕然一新。”\n　　\n　　在路南营小学低年级的教室里，天宫一号飞行器和神舟飞船的交会对接模型一打开，就吸引了孩子们热切的目光。\n　　“航天器的交会对接就像太空穿针，难度大、风险大，考验着航天人的智慧。”讲授人余建斌是学校的名誉校长，也是人民日报经济社会部报道航天领域的记者。他发挥专业优势，边展示飞船设计细节，边细心讲解航天科普知识。\n　　“火箭发射时，坐在飞船里的航天员是什么感觉？”“太空里能拿杯子喝水吗？”“在太空看到的星星，是不是比地球上看到的更亮？”现场问答环节，孩子们把手举得高高的，踊跃参与互动。\n　　“长大以后我也想做航天员，飞向太空”“我想设计新一代飞船，飞向火星”……不少孩子听完这节科普课，对航天产生了浓厚兴趣，悄悄立下了未来的志向。\n　　知识就是力量，教育改变人生。优质教育资源的流动，从每一堂课开始。\n　　在巴克什营中心校古城川村小学，人民日报海外版记者部主任、名誉校长严冰把足球“踢”进了村小。他为学生讲解足球基础知识，训练学生熟悉球性、蛇形前行、原地踩球，一传一控间，锻炼了学生体魄，也增进了师生情谊。\n　　在长山峪中心校安子岭小学，人民日报出版社编辑、名誉校长高亮邀请专家为学生授课，开设少年儿童心理健康知识讲座、地理公开课、象棋围棋课等爱心课堂。\n　　当前，我国基础教育历史性地解决了“有学上”问题，教育公平实现了新跨越，正在乘势而上，向更好地实现人民群众“上好学”的愿望迈进。\n　　两间房中心校两间房寄宿制小学拥有舞蹈音乐教室、多媒体教室等专业教室，但音乐教师缺乏、英语教学相对薄弱。人民日报传媒广告公司经多方协调，联系专业团队，搭建定向视频教学交互平台，邀请北京的音乐教师、英语教师通过视频直播形式在线支教。\n　　“名誉校长协调各方资源，开设特色课堂，把先进教学方法、优质教育资源送进了乡村校园，激发了孩子们的求知欲，更开阔了乡村教师的视野，真正做到授人以渔。”两间房中心校校长李亚东说。\n　　\n　　“王阿姨，我们用上了新的课桌椅，条件好了，我更要好好学习”“张叔叔，这次考试我又进步了，将来我一定不辜负您的期望”……一封封孩子们的来信，发自内心，字字暖心。在人民日报总编室报网互动编辑室副主编、兴洲明德小学名誉校长罗彦的协调下，报社编辑与困难家庭一对一持续帮扶，累计帮助50多名特困生，捐赠助学金超过15万元。\n　　“这是一份双向奔赴的美好。一对一帮扶的价值，不只在经济层面，更是情感上的支撑，充满温暖与向上的力量。”罗彦说。\n　　志向是人生的航标。名誉校长的努力与付出，为乡村学生打开了更广阔的新天地。采访交流中，许多老师、家长表示，“孩子们心里仿佛打开了一扇窗，眼界开阔了，学习热情更高、动力更足了。”\n　　报社机关党委组织拍摄专题片《走进涝洼中心小学》，拍摄组照《大山深处书声琅》等在炎黄艺术馆展览，让更多人了解乡村、走近乡村。人民日报媒体技术公司为付营子中心校靳家沟门小学学生送去适龄图书及学习用品，帮助学校搭建起图书角，激励孩子们爱读书、读好书、善读书。人民网人民健康董事长、长山峪中心校二道营子小学名誉校长万世成邀请时任中国曲艺家协会主席姜昆、央视主持人鞠萍等前往学校讲授安全知识，捐赠130多万元图书和音乐器材。万世成说：“下一步我们计划组织孩子们来北京看展览、看演出，帮助他们走出乡村、开阔视野。”\n　　教育帮扶传真情。人民日报社团委副书记董磊介绍，2017年6月18日至今，名誉校长们积极协调、报社职工广泛参与，引资引物、外联项目，累计投入超900万元，12所受助学校的办学条件、生活环境、精神面貌发生巨大变化，推动当地义务教育优质均衡发展。“名誉校长们竭尽所能、千方百计为帮扶学校解难题，他们的热心与爱心也带动身边更多同事，共同参与到教育帮扶工作中。”\n　　“回想起这些年来的点点滴滴，我还是由衷地想向您说一声感谢。您的及时资助，不仅解了我家的燃眉之急，更像一束温暖的光，鼓励我坚强勇敢、心怀梦想。”\n　　这是一封写给人民日报总编室藏文版编辑室副主编黄碧梅的信，写信的小学生小袁与黄碧梅的故事，从校园延续到北京。2020年，小袁的姐姐患病，黄碧梅帮忙联系医院，让小袁的姐姐到北京安心看病。两家人越走越亲，黄碧梅成了小袁内心的依靠……\n　　“我坚信有一天，我会通过自己的努力，考上心仪的大学，成为对社会有用的人。”暖心的帮扶，让小袁对未来有了更多期待。\n　　设置“名誉校长”精准帮扶，编辑记者驻村调研乡村教育发展，组织职工一对一帮扶，积极争取社会资源真帮实扶……如今，越来越多党报人参与到教育结对帮扶中，为乡村教育发展添砖加瓦。
详见官网：www.macrodatas.cn",早上 北京市 朝阳区 一路 往北 临近 京冀 交界 金山岭 长城 抬头 蜿蜒 若现 穿过 深山 隧道 大巴 河北省 滦平县 大屯 镇兴洲 明德 小学 随车 而来 人民日报社 滦平 乡村 小学 捐赠 电脑 课桌椅 图书 物资 校园 一派 勃勃生机 蓝天白云 橙色 教学楼 窗明几净 红绿 相间 塑胶 操场 开阔 平坦 一侧 绿荫 长廊 师生 种植 花卉 苗圃 另一侧 修葺一新 学生 食堂 宽敞明亮 一校 一舍 一点一滴 诉说着 学校 改变 变化 兴洲 明德 小学 人民日报社 选派 干部职工 担任 对口 帮扶 滦平县 乡村 小学 名誉 校长 对接 资源 新建 校舍 改善 乡村 学校 办学条件 丰富多彩 支教 活动 学校 更新 教学 理念 一对一 持续 帮扶 学生 打开 新天地 名誉 校长 牵头 报社 部门 协力 人民日报社 广泛开展 爱心 助学 活动 扎扎实实 乡村 学校 做好事 办实事 解难 秋季 学期 开学 伊始 金沟 屯镇 中心校 柳台 教学点 并入 金沟 屯镇 中心校 明德 小学 同学 收到 名誉 校长 张烁 第一份 礼物 校服 球鞋 一大 箱童 书绘本 校服 太漂亮 领取 礼物 孩子 眼睛 亮晶晶 第一次 走进 柳台 教学点 心中 五味杂陈 接到 任命 通知 人民日报 政治 文化部 港澳台 采访 主编 张烁 学校 调研 回忆 场景 记忆犹新 孩子 衣服 褪色 衣服 面料 吸汗 大小 不合身 多方 反复 沟通 张烁 一家 校服 企业 无条件 赞助 山脚下 乡村 小学 孩子 第一次 校服 衬衣 长裤 毛线 背心 格纹 领结 校服 裁剪 得体 面料 舒适 美观大方 农村 学生 打开 广阔 新天地 张烁 推荐 学生 参加 中华 家园 全国 关爱 各族 少年儿童 夏令营 开学 第一课 学生 分享 参加 夏令营 成长 感悟 农村 孩子 盼望着 走出 大山 开阔眼界 增长 见识 旅途 第一站 首都北京 雄伟壮观 天安门 风景优美 颐和园 提供 校服 课本 桌椅 校舍 补短 底线 人民日报社 部门 单位 尽其所能 滦平县 提供 资金 物力 人才 支持 帮扶 学校 办学条件 改善 人民日报 数字 传播 公司 滦平 中心校 协调 建设 多媒体 教室 捐赠 教学 机器人 多媒体教学 设备 学校 购置 打印机 电风扇 桌椅 文体 器材 净水机 用品 中国 能源 汽车 传播 集团 大屯 中心校 烧锅 小学 协调 建设 包括 多件 乐器 在内 音乐教室 包括 画架 画板 颜料 套装 彩泥 绘画 用具 美术 教室 人民日报 办公厅 斗山 中心校 捐赠 触控 一体机 多媒体 设备 硬件 设施 学校 利用 网络资源 提高 教学质量 大屯 中心校 路南 小学 单独 校舍 操场 孩子 只能 村部 一楼 学习 生活 大屯 中心校 校长 英利 报社 协调 不到 一年 建筑面积 平方米 现代化 校舍 投入使用 明亮 温暖 教室 时常 传出 孩子 欢笑声 教学 环境 孩子 学得 起劲 精神面貌 焕然一新 路南 小学 低年级 教室 天宫 一号 飞行器 神舟 飞船 交会 对接 模型 打开 吸引 孩子 热切 目光 航天器 交会 对接 太空 穿针 难度 风险 考验 航天 智慧 讲授 人余建斌 学校 名誉 校长 人民日报 经济社会 报道 航天 领域 发挥 专业 优势 展示 飞船 设计 细节 细心 讲解 航天 科普知识 火箭 发射 坐在 飞船 航天员 感觉 太空 杯子 喝水 太空 星星 地球 更亮 现场 问答 环节 孩子 把手 举得 高高的 踊跃 参与 互动 长大 航天员 向太空 设计 新一代 飞船 火星 孩子 这节 科普 航天 浓厚兴趣 悄悄 立下 未来 志向 知识 力量 教育 改变 人生 优质 教育资源 流动 一堂课 巴克 什营 中心校 古城 川村 小学 人民日报 海外版 记者部 主任 名誉 校长 严冰 足球 村小 学生 讲解 足球 基础知识 训练 学生 熟悉 球性 蛇形 前行 原地 踩球 一传 一控间 锻炼 学生 体魄 增进 师生 情谊 长山 中心校 安子岭 小学 人民日报 出版社 编辑 名誉 校长 高亮 邀请 专家 学生 授课 开设 少年儿童 心理健康 知识讲座 地理 公开课 象棋 围棋 爱心 课堂 中国 基础教育 历史性 解决 有学上 教育 公平 跨越 乘势而上 更好 人民 群众 好学 愿望 迈进 两间房 中心校 两间房 寄宿制 小学 拥有 舞蹈 音乐教室 多媒体 教室 专业 教室 音乐 教师 缺乏 英语教学 薄弱 人民日报 传媒 广告公司 多方 协调 专业 团队 搭建 定向 视频 教学 交互 平台 邀请 音乐 教师 英语 教师 视频 直播 形式 在线 支教 名誉 校长 协调 各方 资源 开设 特色 课堂 先进 教学方法 优质 教育资源 送进 乡村 校园 激发 孩子 求知欲 开阔 乡村 教师 视野 授人以渔 两间房 中心校 校长 亚东 阿姨 课桌椅 条件 好好学习 叔叔 考试 将来 辜负 期望 一封封 孩子 来信 发自内心 字字 暖心 人民日报 总编室 报网 互动 编辑室 副主编 兴洲 明德 小学 名誉 校长 罗彦 协调 报社 编辑 困难 家庭 一对一 持续 帮扶 累计 多名 特困生 捐赠 助学金 超过 万元 这是 一份 双向 奔赴 美好 一对一 帮扶 价值 经济 层面 更是 情感 支撑 充满 温暖 向上 力量 罗彦说 志向 人生 航标 名誉 校长 努力 付出 乡村 学生 打开 广阔 新天地 采访 交流 老师 家长 孩子 仿佛 打开 一扇 眼界 开阔 学习 热情 更高 动力 更足 报社 机关党委 组织 拍摄 专题片 走进 涝洼 中心小学 拍摄 组照 大山深处 书声 炎黄艺术馆 展览 乡村 走近 乡村 人民日报 媒体 技术 公司 为付 营子 中心校 靳家 沟门 小学 学生 适龄 图书 学习用品 学校 搭建 图书 激励 孩子 读书 好书 读书 人民网 人民 健康 董事长 长山 中心校 二道 营子 小学 名誉 校长 万世 邀请 时任 中国曲艺家协会 主席 姜昆 央视 主持人 鞠萍 前往 学校 讲授 知识 捐赠 多万元 图书 音乐 器材 万世 一步 计划 组织 孩子 展览 演出 走出 乡村 开阔视野 教育 帮扶 真情 人民日报社 团委 书记 董磊 介绍 名誉 校长 协调 报社 职工 参与 引资 引物 外联 项目 累计 投入 万元 受助 学校 办学条件 生活 环境 精神面貌 发生 巨大变化 推动 义务教育 优质 均衡 发展 名誉 校长 竭尽所能 千方百计 帮扶 学校 难题 热心 爱心 带动 身边 同事 参与 教育 帮扶 工作 想起 这些年来 点点滴滴 由衷 地想 一声 感谢 资助 解了 我家 燃眉之急 一束 温暖 鼓励 坚强 勇敢 心怀 梦想 这是 一封 写给 人民日报 总编室 藏文 编辑室 副主编 黄碧梅 写信 小学生 黄碧梅 故事 校园 延续 姐姐 患病 黄碧梅 帮忙 医院 姐姐 安心 看病 两家 人越 越亲 黄碧梅成 内心 坚信 我会 努力 考上 心仪 大学 社会 有用 暖心 帮扶 袁对 未来 期待 设置 名誉 校长 精准 帮扶 编辑 驻村 调研 乡村 教育 发展 组织 职工 一对一 帮扶 积极争取 社会 资源 真帮实 越来越 党报 参与 教育 结对 帮扶 乡村 教育 发展 添砖加瓦 详见 官网,0.10910729531648627
